term,estimate,ci_low,ci_high,p_value
movie_based_score,0.21266188206841474,0.11979873746982175,0.30552502666700776,9.063349320465916e-06
year,0.06105604214562018,-0.0336498405921257,0.15576192488336607,0.20566876042621562
log_budget_2020,0.4503481453028836,0.35796139123748166,0.5427348993682855,1.631339528778161e-19
